id,date,fuel_used_id,type_of_activity_id,mode_of_transport_id,scope_id,distance_travelled,vehicle_class,engine_size,weight_class,source_description,country_id
1,20230216,6,4,1,1,763,34,3.1,1284,Foot available main history push deep.,3
2,20240229,4,3,2,3,499,23,5.8,1827,My expect certain know.,13
3,20231229,4,1,3,1,798,51,1.0,14818,Some summer.,9
4,20240406,5,5,2,3,560,40,2.9,20160,Newspaper why operation.,10
5,20220601,4,5,2,1,555,7,3.2,31366,Window course law big.,2
6,20220926,7,1,2,3,1000,40,5.3,19373,Environment memory southern.,4
7,20220318,9,3,5,1,745,20,4.0,44251,Discussion wife third company.,14
8,20220211,4,4,4,1,821,7,4.4,23788,These majority why administration.,19
9,20221202,9,5,5,3,716,28,6.4,21965,Blood ten skin.,19
10,20230424,5,3,3,3,1000,22,5.5,46611,Condition reflect majority.,10
11,20241014,8,4,4,3,438,19,4.7,27904,Body life college speak.,8
12,20220623,5,3,4,3,511,27,8.6,47824,American collection or.,5
13,20240629,9,3,3,3,408,19,2.3,28923,Do commercial bag list challenge collection.,4
14,20241215,8,3,2,1,681,30,1.5,24659,Pay organization part.,10
15,20240105,6,5,5,3,429,33,5.7,8209,Usually born section.,9
16,20230301,4,5,1,3,431,35,4.4,44969,Security against news sell.,2
17,20230220,7,1,1,1,594,24,2.9,1359,Plant care.,17
18,20230313,6,2,2,3,886,4,3.4,20478,Marriage television feeling.,10
19,20230620,4,3,5,1,877,10,9.2,36459,Scientist beat provide allow data.,8
20,20220523,8,1,5,1,822,37,1.4,43548,Soon question go may win.,1
21,20221201,8,3,2,3,407,2,2.9,41203,Free article.,5
22,20240820,8,1,3,1,729,20,5.3,13925,Guess challenge.,9
23,20240303,8,1,5,1,875,36,2.1,10309,During stage.,6
24,20240129,7,3,4,3,447,7,7.5,8825,Dark nature.,2
25,20220502,4,1,1,1,451,4,9.2,40689,Old wall weight.,4
26,20220220,7,4,4,1,921,24,7.9,7189,Institution artist.,5
27,20220918,4,5,3,1,777,45,6.6,42758,Along evidence.,10
28,20220109,8,1,4,1,588,31,8.9,15779,Truth deal throw civil send herself.,9
29,20240721,4,4,4,1,599,45,4.2,8264,Course husband baby four.,19
30,20221019,5,5,3,3,883,38,7.9,49999,Station yard together.,14
31,20240910,4,4,5,1,633,40,3.0,31639,Event ten interest.,5
32,20220721,7,3,2,3,863,31,2.7,13673,Finish anyone nature born.,17
33,20230821,9,3,3,1,734,19,8.8,15262,North far effort.,16
34,20230619,7,1,5,1,889,30,3.5,35663,Month management entire bank.,12
35,20220926,8,4,4,1,917,44,5.2,23272,Imagine listen mission thank check.,6
36,20220721,8,5,2,3,420,18,8.7,23503,Kitchen market business game available.,1
37,20230625,7,1,3,1,400,18,3.7,24801,Issue world skin avoid less.,17
38,20240928,8,5,5,3,426,46,4.0,24393,Peace show.,4
39,20240429,7,2,1,3,892,30,6.3,5175,List girl real.,10
40,20230315,5,2,3,1,988,14,7.2,48299,Media process on.,5
41,20220115,4,2,2,1,678,8,5.8,42745,Teach material system.,12
42,20241112,7,3,4,1,884,36,5.0,30634,Reveal stock.,13
43,20240117,4,1,3,3,978,40,7.4,17369,Husband man.,3
44,20230709,6,5,3,1,516,21,5.1,3941,Least choice investment.,8
45,20230903,4,4,3,1,891,1,6.4,44137,Send view speak her pull.,15
46,20240615,5,3,2,1,628,32,7.2,38278,Collection huge interesting social.,10
47,20230408,9,5,1,1,843,44,2.3,17575,Rate course entire professional.,14
48,20231221,6,1,4,3,668,17,6.1,46086,Poor turn third.,16
49,20220507,6,4,4,3,478,3,5.8,29314,Morning poor top leader.,11
50,20231227,5,1,4,3,795,37,5.5,33442,Only night.,9
51,20220828,9,4,4,3,508,5,9.8,21934,System Republican.,5
52,20231225,7,2,5,1,725,46,1.9,4480,Sure only election.,9
53,20240729,8,3,3,3,525,31,2.1,17017,Day government alone network record.,8
54,20230403,4,2,4,1,902,35,8.4,32415,Various hot born.,2
55,20240304,9,1,5,3,508,27,3.8,34837,Field probably catch.,2
56,20220504,4,3,2,1,638,7,9.8,26310,Challenge current cultural.,7
57,20230212,8,3,2,3,549,20,4.3,8453,Girl simple with.,13
58,20241001,4,4,2,1,474,9,8.3,6876,Keep.,17
59,20230915,5,5,2,3,446,6,1.2,25218,Today.,7
60,20240606,5,5,2,1,438,12,5.2,24245,Size sure stuff hair different.,18
61,20240611,7,4,3,3,966,43,8.7,12576,Herself thought beat attention pattern can.,10
62,20240117,8,5,5,3,740,28,5.9,30176,Several along social.,2
63,20221216,6,2,3,3,610,32,8.0,17284,Teacher within huge political really his.,7
64,20240606,9,2,2,1,806,31,9.5,29416,Build move it again.,15
65,20231014,8,2,5,3,422,4,5.3,38679,Customer important vote.,9
66,20220520,4,1,3,1,974,37,2.2,18014,College but.,20
67,20220518,4,3,2,3,506,26,8.6,6037,Citizen sound your.,12
68,20240313,8,1,5,3,665,44,7.9,16074,Meeting during price some.,9
69,20231028,9,5,4,1,790,2,6.7,27242,Return which continue perhaps.,2
70,20230826,7,1,5,1,955,14,3.2,28926,Foreign they deal.,9
71,20230313,9,2,4,3,813,30,8.3,33839,First night.,7
72,20230930,9,3,5,1,772,26,2.6,1698,Democrat dark fight assume must edge.,17
73,20231113,8,1,2,1,439,16,5.7,20983,Voice participant among opportunity never mean.,1
74,20240824,6,1,3,1,959,34,2.4,40844,Several find industry woman.,4
75,20240305,5,5,2,1,938,36,8.7,26114,Identify cup degree personal.,14
76,20240523,8,2,1,3,923,51,1.6,12058,Guess perform letter amount.,15
77,20230422,8,1,5,3,427,14,3.1,12466,Personal get moment.,7
78,20230523,4,4,1,3,463,51,3.4,44621,Full better shoulder.,12
79,20220105,5,3,2,3,687,47,7.5,34765,Need couple social.,11
80,20240704,8,5,3,3,987,24,2.1,17592,Paper practice give.,14
81,20240320,4,1,1,1,962,37,3.8,48965,Such ask.,20
82,20220626,5,1,1,1,784,35,9.9,8088,Investment great skill pay.,13
83,20220220,5,3,3,3,888,32,4.9,2239,Across you chance not not.,17
84,20220831,5,5,4,1,861,17,5.5,45346,Represent whose.,18
85,20220102,9,1,3,1,585,5,5.3,26565,Purpose purpose.,20
86,20240506,8,5,2,1,840,24,3.0,18181,Entire buy detail go.,13
87,20221124,5,5,2,1,427,5,6.1,21242,Him cultural deal experience know.,1
88,20230405,9,2,3,1,403,7,8.4,30768,Billion cover southern.,2
89,20220222,8,3,1,1,754,47,2.7,9079,Call especially season feeling president.,15
90,20220411,8,5,3,3,854,17,3.0,30459,Phone player strong me consider.,5
91,20230228,7,1,1,3,956,51,9.8,32689,Feel almost want other plant.,1
92,20220826,9,3,4,3,826,38,8.0,29346,Either couple change phone.,8
93,20220128,5,1,2,1,542,36,1.1,32984,Reveal trade collection.,19
94,20220822,9,1,2,3,770,21,1.4,36053,Feeling rather.,17
95,20241214,7,5,3,3,707,3,9.7,31747,Protect also central throughout bill.,10
96,20230818,4,5,5,1,445,48,3.6,9988,Nation mind anything however finish.,9
97,20230912,6,2,3,3,551,46,1.2,23045,Political decision apply.,2
98,20220811,6,3,2,3,878,49,2.4,31441,Including professional meeting only toward often.,15
99,20230610,8,1,4,1,901,41,1.3,18348,For you.,13
100,20240801,5,3,3,1,691,25,4.1,12123,Or wonder.,11
101,20230612,6,3,2,1,960,8,9.3,6089,Whom stay.,2
102,20240308,7,5,5,3,673,19,1.6,23200,Part goal down after around.,6
103,20231221,9,2,4,3,889,27,6.3,3075,Reality wall catch vote.,9
104,20220520,5,3,2,3,532,30,2.7,45379,Blood I executive.,1
105,20230227,7,4,2,3,781,51,1.3,21960,Stop very citizen go.,9
106,20220106,9,5,5,3,459,48,6.8,46484,Condition weight hospital.,18
107,20230210,4,5,2,3,587,4,7.9,39553,Increase race speak coach recently such.,10
108,20230326,6,5,3,3,994,49,8.4,24131,Much Mrs million edge and.,19
109,20241208,6,4,5,1,727,15,3.7,40577,Government condition make country beautiful vote.,10
110,20241130,6,3,1,3,847,43,2.4,4660,Determine road reflect.,16
111,20220219,6,2,3,1,627,14,4.1,30930,Agree agreement its whole.,17
112,20220922,4,4,4,1,876,31,7.6,46905,Treatment student white bank usually.,20
113,20240811,9,2,5,3,935,20,7.4,33765,Certainly seek rock room.,7
114,20231013,6,4,1,1,565,20,1.5,37284,Itself order whom action sea.,11
115,20220403,5,5,1,3,978,51,1.6,22567,Agree protect most success.,9
116,20240102,9,2,4,3,577,51,5.8,41393,Group PM work.,11
117,20221108,9,1,3,3,856,49,3.7,29690,Deep unit but.,13
118,20220703,4,3,5,1,509,44,9.5,6155,Medical usually.,7
119,20240727,4,4,4,3,561,26,4.9,35744,Natural part help.,9
120,20220112,4,4,1,3,694,42,2.5,29250,Respond grow paper.,14
121,20231031,6,4,1,3,597,21,2.2,30707,Show assume age break.,14
122,20240809,8,3,1,1,569,38,4.5,32112,Around push natural science.,12
123,20240715,8,3,3,3,511,36,5.9,47687,Move research number.,13
124,20241210,6,5,2,1,806,6,6.7,17828,Physical audience science.,8
125,20240102,4,1,3,1,743,42,5.2,18760,Religious him.,16
126,20230105,7,4,4,1,814,14,9.2,8785,Interview full.,1
127,20220318,8,4,3,1,730,49,8.0,35618,Perform almost town leave paper.,19
128,20240818,4,2,3,1,945,10,8.8,8262,Yes land.,20
129,20230920,7,4,5,1,978,5,1.7,36000,Value onto.,20
130,20240201,4,5,1,3,673,31,2.0,15748,Forget lose may some teach.,15
131,20220813,6,4,2,3,853,8,2.3,10626,Grow just final share activity.,10
132,20220512,4,2,1,3,412,39,3.7,28888,Risk why manager herself manage.,1
133,20240811,5,4,5,1,897,7,2.4,46265,First end season particularly she and.,7
134,20230929,5,3,1,1,919,49,1.0,15199,Mission fight heart ready expert prove.,11
135,20230525,8,4,4,1,767,31,4.8,1182,Strategy human allow.,5
136,20230921,5,3,3,3,544,37,7.2,37356,Since place only need.,13
137,20220520,8,2,3,3,579,44,5.7,31111,Serious over Congress.,5
138,20231214,7,3,3,3,612,51,4.9,46352,Between although.,4
139,20221006,4,2,5,1,550,46,3.3,13314,Decade hard.,15
140,20240307,4,1,5,1,778,4,8.4,11693,Number level behavior speech certainly.,3
141,20231023,7,4,2,1,541,48,3.0,24016,Community have page performance.,16
142,20231222,5,3,1,3,640,16,3.1,26160,Major require.,20
143,20230128,6,2,4,1,991,42,8.0,18859,Physical region.,19
144,20231009,6,4,5,3,485,43,6.8,18280,Buy program.,11
145,20230810,8,4,1,3,825,9,1.0,43119,Until site camera.,18
146,20220919,4,5,1,1,428,41,9.0,9381,Think business station charge allow she.,1
147,20221208,4,3,5,3,994,31,3.9,46221,Student total month.,5
148,20240605,7,5,4,1,707,25,5.3,28713,Discuss baby represent lawyer image.,13
149,20240104,8,3,2,1,920,29,7.8,41967,Wear side scientist too.,15
150,20220613,6,1,2,3,627,3,7.0,21637,Rest phone during ability.,4
151,20221118,8,4,5,3,655,6,2.2,20824,Already own meeting shoulder evening.,8
152,20220606,9,5,1,3,682,37,7.2,46143,Factor that audience.,16
153,20230107,6,2,4,3,569,18,5.8,4953,Enjoy yet tend.,20
154,20220504,8,3,2,1,818,45,7.9,37939,Police act might.,14
155,20240719,4,3,5,1,403,8,2.6,22183,Company these produce.,12
156,20240306,6,4,4,3,567,6,2.6,39214,Hear since.,11
157,20220611,5,1,3,3,744,41,2.0,23282,Physical enter.,15
158,20240630,8,5,5,3,845,41,1.2,48939,Ago people reveal.,8
159,20230929,8,2,4,3,958,21,6.7,5511,Especially character play.,3
160,20221229,6,4,3,1,853,4,6.9,7247,Although garden ten.,1
161,20220723,8,2,2,3,728,32,4.2,10905,Try court oil.,3
162,20231128,7,2,3,1,726,23,9.1,40707,President mission.,1
163,20230414,6,3,5,3,711,31,2.0,34966,Prepare trade mean both glass.,20
164,20241225,6,2,3,1,969,20,9.6,9112,Speak knowledge event.,7
165,20220208,5,4,2,3,846,40,3.5,11171,Attack third almost book.,12
166,20230621,8,4,3,3,488,27,2.1,4131,Marriage both type few.,19
167,20230122,5,4,1,3,402,40,3.7,14637,Should affect home nation.,17
168,20230116,8,3,5,1,651,16,2.7,17191,Despite form.,13
169,20231127,7,4,5,3,793,21,8.9,22173,Factor third chair public.,3
170,20240328,6,5,3,1,967,33,1.7,18789,Rather mission source.,18
171,20221023,5,2,4,1,581,4,1.0,39815,Live Mrs resource food particularly.,5
172,20220121,4,4,4,3,892,5,6.8,43118,Success or product.,8
173,20220109,4,3,3,3,834,29,5.2,12149,Until figure three.,12
174,20230301,4,2,2,1,463,37,7.5,23464,Note culture training.,14
175,20230615,5,1,2,1,986,38,3.5,46678,Summer reflect tax.,17
176,20240604,9,4,3,1,904,19,4.1,23698,Article hour focus.,14
177,20220203,6,4,5,3,864,45,8.9,29520,As lead have.,9
178,20221025,5,1,1,3,423,40,2.6,20273,Leave ever create.,18
179,20240516,9,2,2,1,408,13,2.4,21171,Year learn explain.,4
180,20230823,4,1,5,1,673,19,5.6,17028,Value whatever ground forget remember I.,11
181,20230205,8,3,1,3,852,51,5.4,42400,Institution thus.,18
182,20241012,9,4,3,3,607,18,3.2,7053,Middle rich have.,15
183,20230821,7,2,3,3,533,12,1.7,33126,Performance role option.,6
184,20231124,4,1,4,3,745,12,1.5,11435,Fish design attack within car project.,11
185,20220811,8,3,5,3,954,38,1.4,28461,Pretty attorney attorney maybe.,17
186,20220501,9,1,5,3,412,8,3.3,8538,Might author.,16
187,20230408,6,3,3,3,571,44,9.7,47278,Visit wide beyond single including.,7
188,20240628,5,5,1,1,409,43,1.7,34919,Development rise huge out purpose.,9
189,20230328,6,5,2,1,942,7,9.4,6986,Shoulder thank keep.,15
190,20230518,5,1,3,3,758,1,2.4,33306,Action later.,7
191,20230818,6,4,1,3,874,18,1.1,29126,Arrive all recognize.,5
192,20230411,8,2,1,3,806,20,3.5,23665,Home quite piece.,20
193,20220302,6,2,1,1,436,37,3.0,28876,Issue enjoy.,5
194,20240205,9,5,5,1,412,33,5.1,29848,National enough nation.,13
195,20230314,6,5,1,1,605,36,4.6,19558,Us establish summer chance.,19
196,20221117,6,1,1,3,983,23,6.6,41117,Prepare adult future participant.,4
197,20231219,5,1,5,3,887,28,10.0,45011,Play week professional company.,12
198,20240408,6,1,4,3,459,17,2.5,29690,Into people cold.,6
199,20221130,8,1,4,1,670,24,5.9,12041,Owner school dog.,8
200,20240523,7,2,5,3,483,17,1.1,44997,Bring industry.,15
201,20220424,8,4,1,3,853,28,5.9,43099,Unit hand believe.,13
202,20220331,6,3,4,1,638,47,5.3,16336,Seven each national.,17
203,20220619,6,4,5,3,968,26,9.6,48364,The factor seek.,4
204,20230507,5,2,3,3,865,16,3.7,18627,Town nothing whose security.,20
205,20230807,5,2,4,3,836,33,2.2,16135,Remain serious.,18
206,20230627,8,4,3,1,442,40,2.9,48301,What million cup.,6
207,20240905,9,2,2,3,646,21,3.4,47454,Social reason large.,20
208,20221202,4,5,5,1,990,4,9.7,27791,Food democratic prevent.,15
209,20230806,7,2,3,1,950,25,4.4,47292,Name huge.,12
210,20231223,4,3,1,3,570,36,5.0,41280,Safe song.,17
211,20221115,6,4,2,3,715,23,4.9,6674,But really though skin.,11
212,20230520,7,2,4,1,912,20,8.6,4432,Pm smile worker thus.,1
213,20240403,8,4,5,3,718,16,4.0,21145,List deal.,18
214,20230225,6,2,5,3,955,2,7.8,18500,Instead.,1
215,20220826,8,5,2,1,792,44,5.4,42343,Chair knowledge.,2
216,20240330,9,1,1,3,886,24,7.6,17282,Win approach suffer service.,5
217,20220119,5,2,5,1,872,30,7.2,19274,Father trial give.,3
218,20230809,6,1,3,1,838,15,5.3,33343,Rock church manager.,1
219,20241127,8,2,2,1,966,27,1.2,13439,Situation.,20
220,20240521,7,5,3,1,452,23,6.6,2811,Not artist week.,19
221,20240628,5,1,5,3,460,30,4.1,8629,Focus success top thus.,3
222,20220906,8,5,3,3,580,45,2.1,35366,My over senior.,20
223,20231217,4,2,5,1,856,29,1.5,13067,Trial moment notice hundred.,19
224,20230716,4,2,1,1,922,10,3.2,33215,Both mention among nice.,17
225,20230902,7,1,4,3,639,5,7.4,1587,Few continue town.,9
226,20230415,6,4,3,3,464,34,4.7,47474,Great defense moment.,16
227,20220901,8,1,3,3,893,43,9.7,23238,Spend consider give.,7
228,20240519,8,3,4,1,919,14,8.5,47730,Television mouth relationship.,11
229,20230615,8,3,4,3,782,36,2.9,2145,Lose instead available.,18
230,20220407,4,4,5,3,840,42,3.3,31469,Money ability.,19
231,20240813,7,2,3,3,968,40,4.4,4190,At fine.,12
232,20230704,4,4,3,3,603,9,3.2,29712,Prepare difference of.,8
233,20230826,7,5,3,1,407,51,3.4,12179,Democrat beat difficult or affect.,13
234,20220915,8,2,1,1,714,29,6.4,35790,Minute ok authority feel.,19
235,20230126,5,2,4,3,752,16,7.3,46938,Floor member water.,17
236,20221209,5,4,4,3,476,14,5.3,9308,Weight support teach.,4
237,20231004,8,4,3,3,623,41,8.9,7451,Attention weight area lose image nature.,2
238,20220502,6,1,2,1,922,19,2.4,43280,Behind care statement.,11
239,20240416,7,5,1,3,568,43,8.5,28912,Risk.,1
240,20240609,9,4,2,3,826,37,3.6,20552,Give somebody detail personal picture.,11
241,20240501,5,5,3,3,416,18,4.5,46247,Character girl.,2
242,20231011,5,3,2,1,646,2,9.9,36595,Better popular.,17
243,20220405,9,5,5,1,919,39,1.9,42217,Technology information here.,10
244,20221119,8,4,2,3,682,10,7.1,26388,Picture after mention television.,4
245,20230420,7,5,4,1,678,30,7.2,18617,Republican eight yes knowledge.,17
246,20220704,5,4,2,1,922,4,9.5,47949,Position prove great however force.,16
247,20230315,9,4,3,3,537,35,3.0,34111,Carry television.,1
248,20220511,7,5,5,1,558,3,7.7,33525,Manager look and.,6
249,20240428,7,2,5,1,889,16,6.7,5170,Make gas phone bit cause own.,2
250,20240823,7,5,1,1,900,43,1.3,29758,Until safe fact owner democratic.,7
251,20221217,8,1,1,3,690,11,1.3,15004,Per series head.,1
252,20241210,6,4,5,1,425,5,5.4,29778,Before idea security story.,12
253,20230808,4,3,2,3,696,13,3.7,29322,Much.,11
254,20221214,5,3,2,1,741,8,1.6,22613,Inside open hold fish care yeah.,6
255,20230803,4,5,5,1,543,23,9.0,31137,Rest series deal front down.,2
256,20221009,4,3,2,3,638,41,2.3,38315,Human beat hair guy.,10
257,20220407,7,2,4,1,922,9,1.1,40039,Structure sport.,11
258,20230815,8,3,1,3,502,42,6.9,48929,Staff take federal.,7
259,20220531,7,3,1,1,560,47,1.2,41826,Issue alone phone nation.,2
260,20240803,4,1,2,3,451,6,4.5,10550,Stuff everyone specific.,20
261,20240423,4,2,5,1,648,24,6.5,40813,Just with.,13
262,20230317,9,4,3,3,904,45,5.0,22838,Eat action Democrat.,16
263,20231001,8,4,3,1,662,9,4.6,38284,Religious sport senior about.,13
264,20241201,8,1,4,3,411,30,2.2,5894,Major half.,7
265,20240324,7,3,2,1,710,6,4.3,45527,Knowledge well sometimes.,18
266,20240709,4,3,3,3,635,43,5.8,35562,Hear wife.,19
267,20220816,6,2,5,1,838,8,4.5,32630,Pass determine be.,18
268,20240108,7,1,4,1,552,4,9.6,8952,Per sign wall watch protect so.,18
269,20220211,9,5,1,3,583,31,1.3,35894,Suggest page college.,5
270,20240911,9,5,2,1,962,27,5.4,17237,Charge point.,16
271,20230124,8,2,4,1,442,48,8.0,24159,Always picture.,1
272,20240818,6,3,3,3,539,14,4.3,49701,Beat long class.,20
273,20240906,9,3,5,3,837,30,9.2,21293,Remain base by music poor.,9
274,20240203,4,3,1,1,999,42,9.3,24154,Total against red.,16
275,20231214,8,2,5,3,734,49,9.6,46882,Lose example civil.,16
276,20240406,4,2,5,1,417,8,4.7,12911,Manage keep door identify.,2
277,20240527,4,3,2,3,610,15,3.8,39632,Arrive movement land.,19
278,20221010,7,5,2,1,679,47,9.2,37187,Feeling according whose very rate.,4
279,20220418,4,5,1,1,988,42,1.9,10969,Economy south major care.,15
280,20230813,9,1,2,3,550,47,6.5,47455,Lawyer attack.,12
281,20220604,7,1,3,3,778,43,4.7,34942,Know if include instead side.,6
282,20241111,4,5,2,1,532,47,9.9,2360,Thus evidence another yeah.,20
283,20220624,5,5,1,3,585,10,8.7,28316,Friend beyond gas.,13
284,20241129,6,5,1,3,921,20,6.3,17469,Enjoy son.,2
285,20220205,9,5,2,3,491,48,8.8,21794,Drive address visit gas.,17
286,20220113,4,2,3,1,408,23,8.2,43607,Turn professional three.,12
287,20240503,7,1,2,1,647,9,8.5,5533,Response front.,4
288,20241122,4,4,1,1,983,22,9.1,42944,Similar address across I who ok.,18
289,20231004,5,5,2,3,585,19,4.2,8065,Raise age face.,16
290,20240708,7,1,4,3,914,24,1.1,37917,Rest bad officer.,6
291,20221227,4,3,3,3,960,17,9.6,36955,Scene doctor.,11
292,20220813,5,4,5,1,979,35,3.4,30255,Seven town night more writer.,12
293,20220117,7,3,3,3,820,42,9.0,21898,Write feel court.,15
294,20221015,6,5,2,1,434,51,1.2,4690,Home score billion its expect.,18
295,20230829,8,5,2,1,865,45,5.2,21864,Conference key its cell new people.,2
296,20230608,5,4,4,1,883,23,3.7,9060,Any care truth country add.,18
297,20220830,6,2,1,1,912,22,1.5,43383,Inside end west activity.,17
298,20241228,8,4,4,1,991,13,9.9,38813,Natural last even anyone change.,7
299,20220603,7,1,3,3,713,51,5.9,41142,Value available push.,7
300,20230717,5,3,5,1,468,8,4.6,33167,Budget the.,8
301,20240530,5,4,1,1,878,1,9.2,17855,Daughter left.,20
302,20231201,5,5,4,3,808,46,8.8,27927,Girl of better brother.,15
303,20231012,8,5,5,1,460,4,5.5,47240,Stay benefit his cultural.,2
304,20220713,9,4,3,3,439,25,6.5,30574,Draw me.,17
305,20220328,7,3,4,1,459,51,9.5,28513,Hold drop word finally travel.,19
306,20231202,4,2,5,3,418,49,4.5,11270,Forget lose yard.,14
307,20241224,7,3,5,3,709,24,6.0,25804,Six simply ready issue again.,9
308,20230409,5,3,4,1,834,12,4.6,5873,Rise allow discussion kid media.,19
309,20221002,6,1,1,1,995,26,6.8,11896,Computer hit allow future ten.,12
310,20230717,9,3,5,3,949,13,8.4,33841,Each analysis fire.,1
311,20221205,9,4,4,3,459,22,6.3,19345,Fly billion floor.,12
312,20220422,8,1,2,1,618,12,8.4,29490,Election total fight just magazine.,15
313,20241002,8,1,5,3,520,48,7.9,11590,Choose research.,9
314,20220624,6,4,3,1,688,44,3.3,8378,Sit Mr laugh though.,4
315,20240706,7,4,1,1,629,34,5.0,10891,Art show peace argue.,9
316,20220719,8,1,4,1,868,36,9.5,6349,Foot woman.,19
317,20231226,8,1,5,1,441,40,9.9,16189,Cold skin parent day.,4
318,20240424,7,2,3,1,829,9,8.9,20250,Street continue record nature.,3
319,20240320,9,5,3,3,479,19,2.7,40543,Capital night.,1
320,20220105,8,3,2,1,846,44,2.4,7963,Place sure yet me.,11
321,20230104,9,3,3,3,883,32,1.0,42079,Work statement.,14
322,20240915,6,1,5,1,768,40,4.1,14174,Ready nation receive.,10
323,20220804,5,4,2,1,583,16,2.6,9056,Poor off amount name former.,15
324,20220704,8,2,1,3,562,24,3.4,9320,Produce investment stage.,16
325,20230309,6,1,4,3,762,6,2.1,19417,Mr age student fire.,1
326,20240625,5,1,3,1,898,1,2.5,27609,View onto.,16
327,20240417,4,4,1,3,824,43,2.5,49559,Matter figure.,5
328,20230316,9,5,5,1,605,7,2.5,44743,Meeting large describe.,16
329,20231029,8,5,3,3,741,22,6.8,4082,Around forget door.,10
330,20241102,8,4,4,1,899,4,5.6,3377,Way budget.,2
331,20220413,4,4,5,1,523,14,3.2,21500,Threat good sound TV.,8
332,20221108,8,1,3,3,693,47,1.6,28266,Natural job conference.,18
333,20220819,5,3,4,1,751,25,7.3,44352,Important across not.,9
334,20230122,6,3,5,3,806,9,3.2,32783,Should surface.,16
335,20221113,6,3,5,3,846,31,4.6,27057,Lead Republican along much.,16
336,20241212,6,4,3,3,928,50,6.8,33470,Five no strong.,16
337,20240701,4,3,3,1,489,23,4.9,24588,Explain talk.,12
338,20230201,8,5,3,1,890,2,6.8,45946,Matter keep result support ago their.,11
339,20220311,6,2,1,3,412,11,4.4,31271,Us wear social Congress dark.,11
340,20220728,6,1,3,3,693,4,4.1,1295,Determine consider although why leg.,3
341,20220616,6,5,4,3,967,9,8.6,3345,Fish each since.,11
342,20220121,9,3,1,3,565,50,6.0,3059,Word age me herself.,14
343,20240701,7,2,1,3,946,34,5.4,39881,Spend mean.,6
344,20220605,4,3,2,1,691,20,4.9,43559,Reflect interview compare quality event.,18
345,20240913,5,5,4,3,576,44,5.3,32848,Despite something man policy smile street.,7
346,20230105,7,2,3,3,461,33,3.9,11374,Mouth easy reveal.,9
347,20241105,7,2,3,3,904,12,6.9,18016,Tv shake performance.,8
348,20230803,5,1,3,3,512,3,4.2,9417,Professor Republican run.,15
349,20240215,4,3,1,3,879,19,6.0,43309,Enjoy final ahead.,19
350,20241222,5,3,5,3,612,29,7.0,34117,Military rather.,1
351,20220429,9,5,1,3,636,44,8.7,22141,Picture security Republican nor.,5
352,20230828,6,5,2,3,485,41,4.9,49385,Build alone.,15
353,20221203,4,5,1,3,680,47,6.8,6671,With out ok for phone send.,16
354,20230912,5,2,1,3,847,15,3.6,31905,Manager song PM.,13
355,20220721,4,4,5,3,827,3,4.2,39439,Yes each exactly.,3
356,20240421,7,3,1,1,704,20,1.8,16089,Individual short drop ask.,12
357,20220309,7,2,3,1,661,14,3.8,42239,Together remain memory someone police.,3
358,20230919,5,1,4,1,508,11,4.2,2240,Wide alone small attorney.,19
359,20220120,7,2,2,1,609,28,2.9,2468,Nor drug word service matter.,15
360,20220731,9,5,5,3,827,7,1.6,34307,Pm hard suffer.,4
361,20240228,9,4,4,3,772,43,5.2,45120,Two spring call sing minute back.,12
362,20220813,8,2,4,3,588,33,5.8,25985,Able rest blood.,14
363,20240912,4,5,1,3,513,30,4.5,26876,He customer rich.,14
364,20220608,5,4,3,3,752,43,4.1,11377,Various notice right.,19
365,20240823,9,1,2,3,981,5,4.7,49676,Agree phone full card.,13
366,20220523,8,3,2,3,591,29,2.3,4064,Stock five job north door.,9
367,20230507,7,2,2,3,915,8,4.1,26588,Help crime myself list.,13
368,20220702,9,1,5,1,818,42,7.8,35498,Camera same feeling production.,12
369,20231201,9,4,4,1,897,49,3.9,11631,Chair report paper five.,6
370,20230912,5,4,2,1,698,13,5.3,9308,Run movie visit inside.,11
371,20230623,8,1,1,3,565,8,7.3,1681,Word believe night.,5
372,20231227,8,5,4,3,919,48,4.6,32115,Business media reason sort range.,6
373,20220223,9,4,2,1,480,1,3.3,36099,Body crime feeling network hard.,4
374,20220308,6,1,1,1,529,29,8.1,32200,Concern office simple certainly.,8
375,20240523,4,3,5,1,747,14,8.7,1592,That across determine decade.,8
376,20230113,8,2,2,3,763,5,5.4,40049,Unit to.,1
377,20240419,9,3,4,3,480,14,1.9,34036,Discussion value region.,20
378,20221105,7,1,4,1,938,19,2.4,49790,Together travel under his.,2
379,20220813,4,4,5,1,577,6,1.8,16552,Us.,16
380,20230903,4,2,2,3,406,48,4.2,46753,Authority teach nearly eight.,19
381,20240128,4,1,1,1,540,41,3.0,41648,By road rise.,20
382,20230404,9,1,3,3,573,40,2.0,34306,Both million test every.,1
383,20230627,4,2,5,1,764,22,3.2,7509,Pretty entire.,2
384,20231223,7,5,5,3,962,11,7.2,13593,Economy concern radio expect.,16
385,20220301,6,5,4,1,655,38,3.9,16509,Mind management.,12
386,20241011,6,5,5,1,615,34,8.9,7824,Seem somebody.,1
387,20230723,4,3,3,1,641,3,1.6,40097,Leader kid goal sometimes.,2
388,20221208,9,5,2,3,967,12,3.8,23720,College.,3
389,20230620,6,5,1,1,942,20,4.0,10348,Then west artist area performance.,10
390,20220212,8,2,3,1,448,33,3.0,10219,Prepare blood sound.,13
391,20220330,8,2,5,3,842,19,4.0,27790,Practice company blood point within color.,3
392,20221227,6,5,5,1,776,30,4.0,17102,Give hundred plan.,19
393,20220416,6,3,1,3,716,21,4.2,38524,Whole apply field.,17
394,20230514,8,5,1,1,431,47,8.3,48205,Face article expert treat.,17
395,20221018,4,1,5,1,801,37,1.5,30208,Address structure.,8
396,20221209,8,4,1,3,552,35,7.3,15344,Ever save body.,10
397,20240428,9,4,1,3,893,18,8.5,12865,Just front somebody.,18
398,20221124,7,3,1,3,527,40,2.7,24894,Behind baby.,17
399,20220928,7,5,4,3,978,49,6.0,38043,Result learn try.,2
400,20221121,8,2,1,3,786,41,3.5,6259,Recently whom.,14
401,20220408,9,4,1,3,441,44,4.9,17160,Design collection sister.,5
402,20220204,4,4,1,3,772,4,6.0,2432,Into firm.,4
403,20230502,9,1,5,3,543,9,3.0,47076,Federal wear and.,2
404,20220714,8,1,5,3,750,47,9.6,2202,Position something.,13
405,20230225,9,3,2,3,942,38,1.2,19700,Class girl blood.,13
406,20220223,5,1,5,3,582,3,10.0,49647,Society because exactly year.,3
407,20230521,5,5,4,3,828,15,4.2,26057,Bill across run than.,4
408,20240324,4,4,3,3,813,5,4.7,22578,Left sing.,10
409,20241004,6,2,3,1,631,38,3.8,8122,Return main simple culture.,8
410,20221207,8,2,2,1,612,28,5.0,23178,White set.,4
411,20240225,8,2,1,1,869,5,1.6,22325,Lawyer rich mouth cup book range.,13
412,20241226,9,3,4,1,872,29,2.1,36169,Worry vote he activity throw.,5
413,20231024,9,2,4,1,894,24,1.7,45084,Professor player half.,13
414,20241217,9,5,3,3,940,5,3.9,9841,Tree trade off the.,16
415,20230304,8,4,2,1,502,2,1.1,7595,Explain across often.,19
416,20240728,9,2,2,1,913,19,7.2,27423,Past measure appear.,10
417,20240318,7,1,4,1,492,31,4.6,23951,Image traditional.,11
418,20220303,4,3,4,1,757,1,9.5,46146,Share staff whole majority.,18
419,20230422,8,5,4,3,915,19,3.7,8736,Radio price energy.,6
420,20221023,8,4,5,3,703,38,5.0,25090,Government walk social effect.,3
421,20240325,5,5,2,1,699,17,2.6,14048,Near least again morning better reduce.,16
422,20240316,6,5,1,1,415,33,7.1,16857,Nature look.,16
423,20240323,6,2,4,1,566,31,6.4,13369,Fire decade.,19
424,20220110,4,2,3,3,780,50,7.0,39088,With gas decide however marriage.,17
425,20231214,4,4,1,3,789,41,4.5,31601,Nothing who rock campaign remember cost.,17
426,20240404,8,2,5,3,740,41,5.1,2189,Make final need.,8
427,20220911,7,4,5,3,907,42,3.6,8076,Like mention pretty.,3
428,20221107,9,1,1,1,822,1,2.1,41388,Apply television truth knowledge.,4
429,20220918,4,2,2,1,441,19,9.5,12706,Project usually.,5
430,20240207,6,5,5,3,994,45,4.2,16439,Customer majority responsibility positive.,3
431,20241111,5,3,2,3,480,32,3.0,20615,Sing station.,16
432,20240704,9,3,2,3,440,48,1.7,18742,Investment enter democratic factor.,1
433,20240615,7,5,4,3,667,47,8.1,15940,Write during.,12
434,20230628,9,4,2,1,496,15,1.7,12907,Entire catch get chance camera.,11
435,20221201,8,5,5,3,727,35,2.1,14819,Wonder control peace.,6
436,20241125,6,2,2,1,793,40,7.8,26395,Base tonight southern.,9
437,20230910,8,5,5,1,800,10,1.8,32502,Leg finally community successful at.,9
438,20221010,6,5,3,3,968,33,1.4,30173,Century day world.,2
439,20240917,5,1,5,3,658,10,7.3,29286,New end.,1
440,20231225,5,3,1,1,876,20,8.8,14302,Act try.,14
441,20220616,9,2,1,1,569,36,9.7,43944,Car leg computer very.,13
442,20221213,6,1,2,1,711,46,8.8,38593,Sign main.,19
443,20230829,5,5,1,3,891,51,2.3,27645,World help night sea.,19
444,20230410,9,4,4,3,422,2,8.7,1658,Account nor agent.,15
445,20230307,5,1,5,1,727,14,3.0,35402,Color.,15
446,20230613,4,3,3,3,601,14,4.9,42126,Land of together leave young own.,12
447,20230630,8,3,3,1,491,1,7.1,49556,My store learn music trade.,17
448,20231016,4,3,1,1,665,36,6.9,29787,Contain yet.,12
449,20230127,8,3,5,1,630,43,8.6,15392,Itself church similar.,10
450,20240521,4,2,5,3,805,38,3.9,25397,Court technology rule question force.,17
451,20231119,7,5,5,1,944,33,2.8,22122,Back red cost.,6
452,20220409,6,2,4,3,959,6,8.2,16870,Very list low likely story.,9
453,20220430,6,3,1,3,424,24,9.5,40308,Position them ball different.,6
454,20230922,8,3,3,1,644,22,7.9,32853,Property scene under food top.,3
455,20221102,9,5,1,3,710,18,4.1,7403,Hear direction continue.,11
456,20220120,8,5,2,3,505,14,5.0,29795,Show situation police key.,7
457,20230807,7,5,5,1,921,32,6.6,39095,Today participant health.,2
458,20230715,8,5,5,1,721,49,4.2,19973,Message human leader enter good.,8
459,20220104,8,5,1,1,825,41,9.3,2942,Magazine industry read occur record.,8
460,20220526,7,2,5,1,823,15,2.2,36636,Environment project start budget almost two.,19
461,20241208,6,3,5,1,634,6,4.4,35912,So lay avoid price.,4
462,20240325,4,2,3,3,835,10,5.6,44138,Last high fast.,1
463,20240528,8,2,2,3,559,31,6.1,38303,Popular standard.,13
464,20240705,5,3,5,3,762,48,7.0,36142,Sometimes this.,14
465,20220624,7,1,5,1,653,5,3.2,31259,Different watch power career about glass.,17
466,20230909,6,2,5,3,420,36,5.2,32929,Interest whole law know fire upon.,3
467,20240602,5,2,2,1,550,14,1.3,26575,Rest member.,6
468,20220428,9,4,4,1,876,45,4.2,46033,Example phone participant.,2
469,20220810,7,5,4,1,621,8,5.6,38927,Contain nor create fight.,2
470,20220412,4,5,1,1,940,23,2.6,9524,Pretty method quickly.,5
471,20241210,5,4,1,3,671,15,4.7,26706,Room or.,20
472,20230423,4,5,5,3,742,15,7.5,46987,Ball lawyer program technology.,14
473,20241201,9,2,1,3,610,41,7.0,14692,Upon participant.,20
474,20221124,7,2,1,1,476,36,4.9,49445,Itself dream vote.,11
475,20221129,8,4,3,1,481,23,8.1,45555,Reason language as six.,20
476,20240326,8,5,1,3,779,40,4.1,41718,Development face care feel.,4
477,20220609,7,5,5,1,905,26,6.4,39995,Same.,17
478,20240116,5,2,1,1,490,49,6.4,5839,Head probably.,3
479,20230812,9,1,3,1,946,39,5.7,13974,Mouth difference page.,1
480,20220623,6,2,3,1,811,32,6.8,23756,Cut employee from fast.,16
481,20221213,8,3,3,3,620,3,5.4,15163,Imagine bar.,4
482,20220829,8,4,4,1,430,6,2.2,48361,In structure soon music.,16
483,20220710,7,4,4,3,873,13,7.1,31909,Fine food cold cold fear parent.,12
484,20240415,9,5,5,1,645,22,9.2,49952,Heavy green system with.,12
485,20220205,6,1,1,3,539,38,2.3,22636,Morning industry leg.,3
486,20240620,6,1,2,3,755,22,6.3,19308,Side seek subject.,6
487,20240311,6,3,1,1,879,26,6.4,24165,Congress success.,9
488,20220423,4,5,5,3,698,39,1.9,32980,Bank according story.,6
489,20230110,4,2,2,1,541,25,6.6,18393,Pattern than you.,15
490,20220307,4,1,2,3,600,26,8.1,14652,Standard issue.,6
491,20220112,4,5,4,3,982,14,7.5,25042,Past lead step professor class.,3
492,20230102,7,2,3,3,432,6,9.3,47320,Business establish have.,5
493,20240707,5,4,4,1,979,5,8.0,9419,Standard long affect.,20
494,20240925,9,1,1,3,940,18,8.6,40913,Us evening society.,15
495,20230131,7,4,5,1,526,2,2.0,1795,Almost find.,2
496,20240614,8,3,1,3,1000,15,8.8,21362,Human look.,19
497,20241103,4,2,2,3,428,45,4.8,33174,Scientist indicate necessary carry.,10
498,20220224,6,2,4,1,877,4,7.5,43909,Office occur.,16
499,20240121,5,2,5,1,708,20,1.1,43395,Case study type action.,18
500,20231130,9,1,3,3,479,50,9.7,13824,Lawyer modern door collection.,18
501,20230813,6,2,4,1,404,50,1.0,32645,Laugh include.,15
502,20241109,8,5,3,1,728,32,6.4,38796,Me history coach.,11
503,20240923,7,1,3,1,946,8,7.9,36552,Modern thing no so former.,15
504,20241226,7,5,3,1,817,37,4.4,32397,Strategy method test.,15
505,20220926,5,2,2,1,534,40,1.2,37375,Standard only want how old.,12
506,20240804,6,2,2,1,883,28,9.3,15733,Prepare in.,20
507,20240909,4,4,5,1,836,2,1.4,26435,Fill seek factor accept sort.,3
508,20230818,8,4,5,3,553,47,5.6,19982,That technology.,19
509,20221020,9,5,4,3,885,41,4.0,21070,Dream window.,1
510,20231112,5,3,4,3,854,48,4.2,33521,Born blood crime available.,11
511,20230103,9,3,2,3,604,1,7.3,33360,Hundred small rest.,15
512,20241130,9,4,4,1,511,9,7.3,45440,Yes blue beyond.,14
513,20241024,9,3,4,3,518,12,2.2,40180,Value detail she.,3
514,20220306,4,2,1,1,658,7,6.8,35293,Force including campaign police candidate image.,4
515,20240811,8,3,1,1,767,14,7.5,45328,True often.,3
516,20241227,7,2,4,3,801,41,1.3,44288,Yet week Democrat.,19
517,20240930,4,1,2,3,973,4,5.8,23705,Hand strong.,4
518,20220423,4,1,4,3,762,42,4.1,33314,Western president animal.,16
519,20241113,7,4,2,3,721,27,7.2,29037,Morning agency.,15
520,20230226,6,4,3,3,842,37,8.9,47631,Common address history strategy nice share.,1
521,20230413,4,5,5,1,922,4,3.1,25669,Analysis fast.,4
522,20221126,9,3,2,3,535,3,3.3,30045,Down within difficult ok material.,10
523,20230922,6,2,4,3,670,26,1.7,30355,Civil oil.,2
524,20240906,9,4,1,1,677,34,9.5,37118,Analysis large everybody go.,1
525,20241211,6,5,5,3,639,34,1.1,44660,Record fund.,15
526,20230521,6,1,1,1,515,30,2.3,41015,Contain herself.,17
527,20221019,6,3,1,3,832,34,8.7,13818,Relate.,9
528,20241202,4,5,5,3,974,2,5.5,10484,Stuff.,20
529,20231018,6,2,4,1,562,18,2.0,38651,Occur care point low candidate seat.,17
530,20240526,9,4,2,1,404,37,6.9,34246,Buy doctor shoulder.,15
531,20240801,6,5,2,3,597,5,2.9,39228,Speak wrong.,20
532,20241223,4,2,4,1,713,19,4.4,41568,Low majority approach with.,6
533,20231110,4,3,3,3,799,29,7.8,37883,Person yet trial need key do.,17
534,20220218,7,1,3,1,540,27,8.2,40459,Again son none notice.,7
535,20220826,7,2,2,1,957,16,7.9,3759,With government artist wall own.,7
536,20240229,9,5,5,3,460,11,5.2,36619,Buy eye society.,5
537,20220115,7,4,4,1,910,23,6.1,1516,Catch president section.,14
538,20240711,8,3,3,3,594,39,8.0,8105,Finally call prevent.,15
539,20230718,9,3,2,3,844,23,6.3,12779,Action however article both what.,11
540,20220302,5,3,2,1,509,7,7.1,18528,Science relate.,9
541,20241208,9,5,5,1,597,34,5.7,27556,Culture sure.,18
542,20220929,7,5,1,3,510,39,8.7,2711,Interview cultural team experience discuss.,3
543,20230108,4,1,4,1,884,49,2.5,9326,Ask television collection.,9
544,20220805,4,1,2,1,927,46,6.4,33348,Bank within number six specific close.,10
545,20220511,7,3,1,1,980,3,4.7,48506,Job military meet cup dog itself.,2
546,20240702,6,1,4,3,497,3,8.6,28477,Own eight different eye.,18
547,20220421,5,5,4,1,858,22,3.4,34835,Member important.,11
548,20220801,8,2,2,3,582,14,3.6,20991,Thought structure mention person.,2
549,20230227,9,4,5,1,879,19,2.1,43783,Avoid interesting include.,18
550,20230414,8,4,3,3,584,3,4.5,48475,Sound.,12
551,20231101,9,1,4,1,915,2,6.7,27130,Figure turn owner.,14
552,20220719,5,4,5,3,631,34,9.2,24733,Within until see or.,13
553,20221210,5,3,2,1,643,33,3.0,2149,Outside cup.,16
554,20221019,9,1,1,3,836,45,5.2,36632,Land simply per.,2
555,20230329,9,4,4,3,732,51,5.1,47052,Language right rest people.,11
556,20220420,5,3,3,1,828,24,7.7,32639,Fund our no media.,14
557,20230603,8,5,1,1,614,30,7.5,1206,Movie likely star.,8
558,20230115,8,1,1,1,451,39,8.5,9867,Worker nearly show reason.,20
559,20220318,8,4,2,3,763,30,1.2,27509,Leave performance me group.,9
560,20230617,4,5,4,3,526,31,2.0,39732,Pattern pick after.,2
561,20221216,4,3,3,1,406,33,4.3,23972,Sure statement career magazine yes.,17
562,20240524,8,2,3,1,965,10,3.0,48490,Final very drug summer.,10
563,20240718,6,2,3,1,994,35,8.5,36058,Outside easy him information.,6
564,20240301,7,2,5,3,985,19,1.8,41941,Mother father read hospital certainly never.,10
565,20220612,5,3,4,1,820,30,7.0,2029,Past defense over teacher type brother.,18
566,20220618,6,1,2,1,413,51,6.0,27094,Organization head old never.,8
567,20230904,8,1,5,3,579,36,4.9,48867,Door with conference as.,9
568,20240523,5,3,2,1,881,7,1.7,7345,Case a many discussion traditional contain.,9
569,20230902,8,4,4,3,951,11,2.6,42370,Case four country.,17
570,20221027,4,4,3,1,527,18,9.0,46001,Magazine sound though.,1
571,20240619,6,1,4,3,705,49,6.4,1868,Available fish accept network whatever many.,12
572,20240404,7,2,1,1,525,10,2.3,21076,It professional.,18
573,20230302,7,4,5,3,476,8,8.9,14294,Week hot.,18
574,20240304,8,1,1,1,964,4,2.8,47300,Before at.,18
575,20240824,8,4,5,3,898,2,6.9,8078,Sometimes gas.,8
576,20241116,9,2,2,3,971,9,6.7,49145,Window wish green rich sing.,5
577,20241026,9,1,3,3,762,20,6.6,25664,Everybody note them until lead.,19
578,20240403,6,5,2,1,929,16,3.2,27034,Center job attorney challenge show.,7
579,20220516,4,3,4,1,468,37,6.5,24515,Capital artist set stage staff.,16
580,20241120,9,1,1,1,931,9,3.4,25483,Not collection recognize everyone.,3
581,20220801,8,1,5,3,817,30,9.2,19274,Across assume report.,2
582,20240311,9,3,4,1,961,26,9.1,29468,Sure long country.,1
583,20230131,9,2,5,1,662,46,1.2,19739,Value prevent.,4
584,20240617,5,4,5,1,789,19,4.6,2492,Accept drug night.,8
585,20221201,6,1,3,3,575,21,3.0,1027,Visit whether course yard likely staff.,12
586,20220901,7,3,4,1,444,23,5.8,15113,See recent company most pattern maybe poor.,8
587,20220410,5,3,5,1,546,11,6.0,29170,International wish yourself base.,18
588,20240519,5,2,2,3,792,26,9.6,1845,Choice for still.,3
589,20230210,8,2,4,3,474,44,6.1,34931,School matter chance.,3
590,20230311,6,1,4,1,745,43,7.4,22896,Society.,6
591,20231112,6,3,4,1,896,10,6.9,19289,Back west race.,4
592,20230306,9,4,2,1,693,37,5.2,13847,Play white hospital form defense.,10
593,20230822,8,3,4,3,715,44,9.1,43849,Their toward marriage agent manage.,14
594,20230721,7,2,1,1,997,29,8.4,16679,Training both add bad.,9
595,20230528,8,2,1,3,412,29,4.9,16107,Response.,4
596,20241115,7,4,1,1,473,23,6.3,22707,Stuff including hold face upon again.,18
597,20240531,6,5,4,1,778,13,1.3,7177,Product sell.,18
598,20220819,5,4,5,1,832,39,3.5,11083,Benefit understand writer whatever.,3
599,20240828,4,4,2,1,579,2,4.4,47144,Even possible.,15
600,20220912,6,2,3,1,840,6,9.0,41296,Car happen term conference seek.,17
601,20240913,4,5,4,3,631,38,2.0,14216,Home.,18
602,20220306,9,4,1,1,850,18,9.5,46055,Table when imagine degree.,13
603,20221228,4,3,2,3,549,1,7.5,3701,Single source radio.,15
604,20220311,7,4,1,3,912,36,1.9,7601,Increase talk.,2
605,20221122,5,4,1,1,988,39,1.4,29390,Article threat dog try.,1
606,20220514,8,5,4,3,928,39,9.2,12483,Good word according.,5
607,20240304,7,4,4,3,772,51,8.1,34060,Mission difference it.,7
608,20220901,9,2,5,3,600,32,5.1,45500,Final crime hot.,13
609,20241030,4,3,3,1,841,40,6.8,34927,National discover them great discover.,8
610,20220506,6,4,4,1,767,28,6.3,12739,Parent off air nor paper.,17
611,20220815,4,5,3,3,792,42,8.8,7112,Necessary full answer hit response.,17
612,20240326,6,2,5,1,556,31,9.5,21121,Mouth move beautiful already floor.,13
613,20240911,5,1,4,1,945,50,1.6,11635,Arm radio car give.,11
614,20231004,5,5,5,3,524,37,3.1,8355,Or much something buy several writer.,18
615,20231213,6,2,4,1,446,46,4.6,11272,Hand person positive tree positive cause.,11
616,20230502,5,5,4,3,963,33,1.6,8908,There catch expert thing.,9
617,20220729,4,2,4,1,954,27,8.0,30791,Thus animal very Congress.,11
618,20230917,7,3,5,3,577,49,1.5,35363,Science hand water indicate avoid.,7
619,20240503,9,3,1,3,827,50,4.9,46839,Buy play.,8
620,20230605,5,4,5,1,472,36,8.4,6530,Life against opportunity.,12
621,20240226,4,1,4,1,888,26,7.2,44145,Clear establish peace.,10
622,20240919,9,4,2,3,642,37,9.7,22601,Room star determine listen west.,16
623,20241110,6,4,5,1,469,11,2.4,33452,Music dinner seven imagine.,8
624,20240105,6,5,3,3,738,18,5.6,15247,Current let.,9
625,20231028,8,5,5,1,434,20,1.6,16809,Republican voice herself family program finally.,17
626,20220806,9,3,5,1,929,31,4.0,48475,Send black form.,20
627,20221215,8,2,3,3,891,22,1.2,20496,Might admit cost improve.,5
628,20241007,7,4,4,3,765,41,5.8,32691,Defense event before woman.,7
629,20220523,6,4,5,3,635,6,7.3,42639,Form technology as throughout concern.,5
630,20240515,8,3,1,3,616,3,5.3,35693,Peace have.,18
631,20221102,6,3,1,3,875,12,1.1,36040,Doctor since think administration surface.,11
632,20221108,9,5,4,1,448,17,2.2,39921,Look drop provide.,16
633,20230831,8,2,2,3,484,30,1.8,23528,Certainly forward.,9
634,20241116,6,1,5,1,763,39,1.6,41317,Financial human describe should.,14
635,20231212,5,5,5,3,600,22,1.4,21094,Shoulder forward part.,6
636,20241023,8,2,3,1,618,34,1.5,38052,Chair care police company at community.,19
637,20231211,6,2,1,1,658,48,7.3,10763,Recent maintain ok in.,5
638,20240629,4,2,2,3,681,31,8.2,47412,Listen one standard prove.,3
639,20241119,4,4,5,3,409,13,7.6,44114,According pretty decision which person.,8
640,20240330,9,3,4,3,821,1,4.5,18452,Administration window issue agent.,4
641,20230720,5,4,4,3,776,30,8.4,39449,Kitchen PM until administration history.,9
642,20221124,4,5,4,3,708,9,5.4,36093,Simple time choice enjoy consumer according.,20
643,20230502,5,4,3,1,595,9,3.8,29952,Past special throughout candidate.,19
644,20220630,8,5,5,1,772,5,9.0,14530,Great while over term a.,11
645,20240717,6,2,4,1,865,39,6.3,39945,Body student those television consider rise.,5
646,20231119,4,1,4,1,574,1,7.9,9225,Two among market sit board easy.,9
647,20241212,6,3,4,1,657,30,7.4,14130,Nice accept Mr.,13
648,20230112,6,4,1,1,767,43,8.8,39281,Personal a some prove government.,20
649,20240811,9,2,5,3,981,10,7.7,7266,Fight product garden popular.,8
650,20230408,4,5,1,1,503,7,7.6,28783,Program present size.,17
651,20230929,7,3,1,1,934,31,8.0,36018,Available prevent success finish.,7
652,20220828,4,5,5,1,819,50,3.5,3260,Field spend out tend often.,2
653,20221004,4,5,4,3,787,12,7.1,44837,Its as.,13
654,20230625,7,3,3,1,855,49,4.5,2840,Exactly management future act.,1
655,20231003,4,2,4,1,510,36,3.0,49522,Season nor.,8
656,20220412,5,3,2,1,570,15,2.9,16519,How member between.,9
657,20240819,9,3,1,1,731,2,5.9,34454,Top provide this outside behavior player.,15
658,20230123,5,2,5,1,562,19,8.1,18155,Account.,16
659,20221126,5,2,3,1,472,12,4.0,8300,Collection successful rule.,6
660,20230818,7,2,2,3,925,24,8.1,12746,Likely democratic.,12
661,20220203,9,2,2,3,471,22,1.1,34755,Color dinner try house nature finish.,11
662,20240219,9,5,2,1,586,8,1.3,25520,Growth throw firm owner hour.,6
663,20231220,6,5,1,3,742,5,6.2,19646,System save themselves.,19
664,20220102,9,5,4,3,843,48,8.7,21254,Break scientist shoulder will.,13
665,20240327,5,5,2,3,905,19,6.8,9107,Computer week reflect.,7
666,20220419,7,1,1,3,649,24,2.3,6923,Protect north possible rest these.,20
667,20240323,6,4,2,3,559,30,4.2,11643,Mouth something analysis.,13
668,20221215,7,3,4,1,511,36,3.0,20979,Recognize speech.,11
669,20230419,8,4,5,1,400,10,8.6,29447,Hotel both.,12
670,20240426,8,2,1,3,916,40,6.9,30772,Suggest miss region.,11
671,20231128,8,4,2,1,932,5,5.8,15879,Reduce ok fish.,14
672,20230127,7,2,4,3,901,12,3.4,3074,Charge per sport.,3
673,20220121,7,2,2,1,745,6,4.5,2531,Buy almost population trial development marriage.,6
674,20241109,5,1,5,3,631,15,7.0,16391,Rate indicate do.,11
675,20220426,5,3,1,1,808,10,2.0,32667,Truth check education.,18
676,20231107,7,5,4,3,675,35,7.1,12596,Service statement.,2
677,20240915,7,3,3,1,542,10,9.5,31100,Available activity bill town.,3
678,20231114,7,2,5,1,547,46,1.8,8058,Site lot behavior.,15
679,20240215,5,2,2,1,768,34,9.2,26111,Southern focus small buy language.,7
680,20230925,6,1,4,3,544,40,7.5,32979,Begin policy industry power anyone story born.,4
681,20230825,5,4,3,1,780,33,3.6,44279,Less life wrong sense.,1
682,20220114,8,2,1,1,641,5,8.4,5979,Successful increase position.,9
683,20230602,4,3,2,3,526,29,1.7,33309,Door.,6
684,20220407,9,4,2,3,623,19,4.6,10789,Service various level.,7
685,20220506,9,5,5,1,485,19,8.0,1641,Up must.,8
686,20240829,5,4,2,1,934,48,3.4,49187,Bar cell.,17
687,20221117,9,2,1,1,718,24,1.9,13970,Local peace.,5
688,20230716,9,1,2,3,507,2,5.2,22757,Affect citizen.,17
689,20231224,6,1,5,3,799,13,7.8,42766,Fine understand win worker.,8
690,20230611,7,3,1,1,795,1,3.5,4391,Necessary statement turn cold.,14
691,20220629,5,3,5,1,726,11,1.5,38079,Government building.,19
692,20220117,8,4,1,3,951,43,9.4,23555,Effort party security really.,1
693,20230408,9,4,3,3,600,12,7.9,37386,Though top deep grow TV goal.,10
694,20231207,7,1,2,1,714,51,3.0,32710,Continue shake.,6
695,20240808,8,1,1,1,822,50,5.4,17779,Certainly suffer land consider.,20
696,20220322,6,5,3,1,693,27,6.4,23036,Lot investment office morning.,5
697,20230415,7,1,5,3,884,51,3.4,18252,Eight product character.,9
698,20221205,8,4,4,1,442,33,1.6,32829,Huge major type speech change.,14
699,20220610,4,2,5,3,778,51,3.0,3193,Usually art move office.,12
700,20240217,4,1,1,3,874,41,4.9,44651,Arm establish travel force with.,9
701,20231229,9,2,3,3,477,13,6.7,26942,Agree southern serve happen leave.,5
702,20231126,8,2,2,3,737,46,9.6,35911,During total around about.,16
703,20220130,7,2,5,1,855,26,6.9,5342,Central others risk recent.,11
704,20240713,6,4,5,1,646,26,1.1,44262,Special himself star many.,14
705,20220203,7,4,1,3,666,14,5.3,30868,Law source ago role big.,13
706,20220105,5,4,1,1,828,21,5.8,19406,Republican final house.,8
707,20220314,8,2,4,3,804,15,8.1,46313,Country north author.,14
708,20220725,7,2,1,3,528,43,4.3,43222,Individual argue main avoid teach.,17
709,20230215,7,1,4,3,489,30,6.9,31308,Value consider.,17
710,20220328,8,3,2,1,939,50,6.9,18610,Meet return responsibility popular.,12
711,20240505,4,5,5,1,881,43,2.6,46452,Matter church bag laugh message.,19
712,20241012,9,3,1,3,847,50,8.6,20953,National memory assume.,6
713,20241121,9,2,3,1,778,7,9.2,25818,Capital owner must investment.,12
714,20220121,6,3,1,3,743,32,9.4,3773,Long would bad.,10
715,20220225,5,5,5,1,606,39,7.6,9911,Agency his.,10
716,20221207,6,5,3,1,493,46,5.2,18158,Skin eat we especially entire result.,1
717,20220320,5,4,4,1,410,5,4.0,47725,Machine anything.,17
718,20230906,4,2,2,1,753,43,8.0,13469,Ball final through physical.,18
719,20230629,8,4,5,1,624,48,3.1,19131,Industry prove hair why.,7
720,20240627,9,3,3,3,617,33,6.8,9907,Cultural today others.,12
721,20240202,5,3,3,1,862,32,6.2,43482,Too control room ok.,10
722,20220324,9,2,1,3,682,39,9.3,16154,Somebody pressure.,13
723,20230625,5,3,2,3,692,16,5.1,30199,Campaign red cost relate.,20
724,20240807,8,1,5,1,559,6,8.0,32576,Building prevent project hotel.,4
725,20220605,4,2,2,1,479,25,6.3,11172,Simple popular.,15
726,20230412,8,5,1,1,429,8,2.3,1289,Risk same happy allow.,2
727,20230801,7,3,4,1,965,28,7.1,16100,Politics reflect hear.,12
728,20230122,8,5,5,3,860,42,7.2,28949,Available decade get business season.,18
729,20241028,6,4,2,3,998,46,8.6,25235,Memory strategy near have fact.,9
730,20240410,6,4,5,1,988,37,1.2,48893,Effort worker item.,13
731,20231031,6,4,1,3,556,4,4.6,20240,Century occur draw.,7
732,20220624,4,4,1,3,671,15,4.7,31313,Teacher beat old.,13
733,20221121,5,5,1,3,460,17,6.1,2148,Phone establish accept necessary.,10
734,20230130,5,1,4,1,917,5,6.2,35899,Pick front natural money.,13
735,20240222,9,3,3,3,678,31,2.3,14598,Stand to leave the different.,14
736,20240115,9,1,4,1,577,14,2.8,4799,Stand concern.,13
737,20230214,8,5,4,3,879,11,2.0,29992,Maintain for yes draw.,20
738,20231117,8,5,4,1,471,20,3.3,5465,Feeling benefit white article role.,8
739,20241026,9,5,1,3,900,33,7.2,3787,Nearly smile pick loss.,12
740,20240327,9,1,5,3,905,9,1.2,4990,Site there.,9
741,20221014,6,3,4,1,494,34,2.2,18166,Discover edge organization any those.,14
742,20231224,4,1,4,3,968,42,8.4,10262,Bank political.,14
743,20240201,7,2,3,1,993,8,5.7,31992,Check become pretty treat course.,2
744,20230210,9,5,1,3,417,47,4.6,32013,Ask bad fish.,8
745,20240801,5,5,5,1,579,47,8.8,4333,Cost others magazine.,20
746,20240730,8,2,4,3,749,50,3.1,39758,Your worker though.,13
747,20220922,5,2,3,3,487,48,6.3,13222,Director under growth pattern.,5
748,20231113,7,3,3,1,835,29,8.4,15040,Ask write ask indicate.,4
749,20230219,6,1,3,1,732,11,2.7,31656,Age smile establish ten.,6
750,20230915,4,1,3,1,660,30,1.5,25113,Fast listen mother.,10
751,20220612,6,1,2,1,514,38,3.8,17034,Lose pull role.,4
752,20231031,5,3,5,1,807,48,7.8,9473,Up maintain throughout chair.,4
753,20240313,7,2,4,1,847,5,3.1,5451,Nice hotel represent education indicate.,2
754,20240405,8,4,1,1,594,7,9.1,49304,Government attention series call recently television.,16
755,20240614,7,5,3,1,971,3,9.0,48747,Rule here him.,7
756,20231101,9,4,2,1,916,3,2.8,17060,Maintain west.,14
757,20220118,8,1,4,3,438,36,7.7,1764,Their star idea.,19
758,20220821,6,5,2,3,960,5,4.9,3937,Mission theory range defense goal.,4
759,20220918,8,2,2,3,644,4,1.8,7159,Letter magazine return have dog.,15
760,20220218,8,2,1,3,937,20,9.0,32749,Community peace.,11
761,20240128,4,3,4,1,858,9,1.7,4852,Nothing admit.,12
762,20240409,4,2,4,3,929,21,3.8,30677,Stand clear.,16
763,20220302,6,3,5,1,723,16,7.4,18249,Image kind line management.,19
764,20230315,5,3,5,3,502,16,9.5,33504,Interesting water war over commercial through.,8
765,20221210,9,5,2,3,423,34,3.4,22650,Sing agent pick campaign.,19
766,20231009,7,3,2,3,584,43,5.6,17025,Trouble audience.,7
767,20230412,4,5,1,1,782,10,7.3,49446,Put once institution leg.,5
768,20220601,7,2,3,1,952,51,7.4,48169,Together agreement against wrong everyone.,18
769,20220718,8,3,2,3,453,11,1.6,42291,People decision land opportunity.,5
770,20240725,5,2,2,1,493,41,1.3,1974,Yeah than.,2
771,20240709,5,1,3,3,509,46,1.6,21516,Successful money final.,15
772,20231005,8,1,5,1,712,29,9.6,21533,Must professor future sound yard.,6
773,20220823,9,5,5,3,958,8,6.4,2879,Two long.,20
774,20220516,8,5,3,1,544,39,2.5,40967,Actually through development discussion management.,6
775,20240701,7,4,1,3,730,33,4.9,19705,Official your.,5
776,20230806,9,3,3,1,767,51,4.9,33239,News first.,12
777,20220509,4,5,5,1,487,12,7.5,3308,Arrive drug offer.,7
778,20231008,5,4,1,3,715,28,2.3,20302,Try ten gun.,19
779,20240716,5,5,4,3,819,43,8.0,25787,Control option fish little.,7
780,20241008,5,5,2,1,1000,16,4.4,48363,Challenge hear commercial worker reflect cell.,4
781,20230528,8,1,1,1,480,38,6.6,47038,Left produce dog.,9
782,20240507,5,1,2,1,423,47,5.7,5794,Democratic.,6
783,20241103,9,3,4,3,788,10,5.2,48863,Financial field however example.,15
784,20231124,7,3,5,1,430,45,1.1,5575,Responsibility herself because owner down.,3
785,20230626,8,3,3,3,410,18,6.9,41250,Experience person foot.,16
786,20220825,4,1,2,1,945,36,8.2,22733,Other for eat mention worry.,11
787,20221025,4,2,5,1,710,19,4.2,45243,Low never decade.,10
788,20240627,5,1,2,1,617,6,4.9,21434,North management feel.,6
789,20240215,8,3,5,3,977,29,8.0,24415,Create near hospital.,7
790,20241014,6,5,2,1,468,21,10.0,31247,Take step couple reality church.,6
791,20230327,5,2,5,3,952,6,9.6,42223,Nice suffer person.,14
792,20240507,7,5,2,1,520,24,7.9,11026,Do debate be.,5
793,20220510,4,3,4,1,681,34,7.3,23278,Citizen seat decision.,3
794,20220828,7,5,1,1,958,30,2.0,28622,Speech receive.,12
795,20241208,5,5,1,1,672,25,2.0,47178,Gas lead us network.,13
796,20220222,8,3,4,1,734,34,7.6,41307,President scene treatment gun air investment.,18
797,20240406,6,2,3,3,929,27,10.0,22965,Discover against arm necessary.,18
798,20220716,4,2,1,3,685,51,1.3,16081,Young hope camera.,14
799,20240229,6,1,1,1,907,38,9.9,8947,Section performance fine.,11
800,20240909,9,1,3,3,940,28,4.9,30977,Enjoy style message wait.,19
801,20241221,4,3,4,3,451,3,3.3,23266,Rest may important.,14
802,20231110,8,5,4,3,914,24,1.5,31825,Cold indeed skin.,14
803,20231220,8,5,3,1,992,41,7.0,44658,Challenge actually people blue.,11
804,20220113,5,3,5,3,809,18,9.4,26737,Treatment Mr art.,5
805,20221125,8,5,4,1,547,17,1.7,14421,Wall myself not.,8
806,20230821,8,3,2,3,458,45,8.9,48887,Anything perform military.,5
807,20221110,7,5,3,3,922,18,5.2,34123,Inside ability rate able.,16
808,20230130,9,3,4,3,545,50,5.9,8647,Tend space case study.,10
809,20240217,9,4,2,1,477,30,4.2,3662,Democrat plant machine candidate.,9
810,20240812,8,5,2,3,990,2,1.8,37074,Care several go skin.,12
811,20220306,8,4,2,1,827,4,3.4,48905,Drug plant future case.,17
812,20221215,9,1,3,3,713,15,6.7,27712,Vote civil interesting weight.,12
813,20240829,9,2,3,1,678,4,3.7,13934,Half become maintain add.,5
814,20230528,7,2,4,1,627,39,3.2,24854,Seem seem.,1
815,20220207,9,5,5,3,949,33,1.2,21541,Actually responsibility water yourself.,7
816,20220819,6,5,2,3,632,18,2.6,46154,Relate budget I particularly.,7
817,20221217,5,2,4,1,621,27,4.4,13552,Care themselves bill tough.,4
818,20230823,7,1,5,1,424,18,4.3,8102,Reveal indeed.,16
819,20230930,7,1,2,1,970,41,5.8,10403,List science not cause.,4
820,20230128,9,3,4,3,422,51,8.6,17098,Teacher well maintain discuss soon.,14
821,20230219,4,5,1,3,600,27,4.7,44559,Network film entire.,5
822,20230115,7,3,3,3,864,27,3.1,10909,Seven science whole.,14
823,20231214,6,2,3,1,988,47,2.5,39777,Another field type.,4
824,20220113,8,5,1,1,495,20,5.4,31689,Position go issue.,2
825,20220519,8,5,5,1,749,22,9.9,5217,Face arrive.,10
826,20221215,6,3,1,3,797,41,1.9,32001,Center summer.,12
827,20241018,7,2,4,1,950,48,6.7,5865,National moment throw she.,16
828,20231128,8,5,2,3,690,44,8.4,2462,Kind question office.,12
829,20240217,5,3,2,3,860,34,5.4,37990,Large rest professional.,7
830,20230727,4,2,5,1,456,22,6.4,16709,Table take shoulder.,10
831,20220907,7,3,3,3,966,51,5.0,25841,Shake left according local together church.,20
832,20240708,8,2,4,3,719,40,7.5,31859,Cup officer.,15
833,20241006,7,2,3,1,735,28,3.9,12743,Cause necessary number stop.,15
834,20240307,8,2,1,3,855,47,7.2,24653,Structure certain deal heart environment.,15
835,20220611,5,1,5,1,899,12,5.0,48680,White hope.,11
836,20221118,5,4,3,1,830,40,7.5,18641,Suddenly financial what.,14
837,20220103,6,3,4,1,840,3,8.8,46954,Herself out.,20
838,20220718,7,5,2,3,883,43,6.8,19380,Executive discover far task yes growth.,12
839,20240418,4,5,3,1,544,44,7.5,20735,Trade over generation position serious.,1
840,20220725,5,1,2,3,431,13,5.3,5207,Project region.,8
841,20230715,9,2,1,1,447,37,6.4,20330,Street last appear model story.,14
842,20230721,7,3,1,1,506,40,6.2,25048,Wall.,6
843,20240329,5,1,2,1,566,16,1.0,29257,Kind design speak wide theory.,12
844,20220428,6,1,5,1,641,38,3.8,25809,Quickly song share attorney.,17
845,20220613,4,3,2,1,720,45,1.6,44698,Chance religious.,8
846,20230713,8,4,1,1,726,13,1.6,45141,Idea audience.,2
847,20230713,5,5,5,3,515,50,3.2,5231,Serious make follow.,6
848,20240403,5,3,2,1,773,20,9.2,5536,Both size.,19
849,20220125,7,1,5,3,412,1,5.9,4095,There research.,17
850,20231012,4,4,1,3,730,10,1.0,8945,Small sea shoulder important arrive media.,14
851,20220521,8,1,4,3,566,35,6.7,2950,Despite later for international.,5
852,20230712,8,4,1,1,828,29,7.1,42635,Nation remain deep.,11
853,20241104,6,3,2,3,488,31,8.8,9570,Foreign.,13
854,20220216,9,3,2,3,406,25,8.3,27505,Watch hit than.,8
855,20241122,8,1,3,3,703,21,3.6,15304,Skin thus west garden.,17
856,20240513,4,2,2,3,789,5,2.0,38270,Without whether rest hard.,3
857,20240620,6,5,5,1,775,33,7.4,38067,Bar offer small.,4
858,20240826,6,3,2,3,655,43,4.9,33433,Mother seem as.,2
859,20240615,5,1,4,1,955,23,4.8,49558,Agent husband.,1
860,20241204,7,1,1,3,482,26,3.1,46329,Home eight Mr.,15
861,20230826,5,3,1,1,554,39,7.3,48560,Road end mouth.,3
862,20241213,7,5,5,3,527,46,5.2,11665,Husband color.,10
863,20230429,7,3,4,1,610,7,2.8,46337,On poor listen.,2
864,20220510,6,1,5,1,630,26,4.8,49731,Town bit thousand value.,18
865,20220318,8,3,1,3,558,49,4.1,36452,Husband edge blue law.,9
866,20241220,6,1,3,3,659,23,6.3,30301,Probably senior upon read physical wife minute.,10
867,20220524,9,4,4,3,680,23,7.4,12664,Behavior break guess organization.,15
868,20221101,5,5,1,3,890,6,8.6,1984,Five area join.,7
869,20230115,4,5,5,1,473,12,2.6,20782,Church create trouble control.,3
870,20240703,7,2,1,3,751,4,3.3,49818,Easy thing establish citizen.,10
871,20240201,6,3,5,1,511,1,5.0,1968,So population without.,3
872,20221003,5,2,2,1,417,39,3.5,24390,Do head father natural.,6
873,20240107,4,5,1,3,414,38,9.8,10445,Again one.,17
874,20240215,9,1,4,3,988,17,8.8,31472,Effect president.,11
875,20240308,8,2,5,1,621,1,2.3,44226,Reveal chair.,5
876,20220619,5,3,4,1,707,33,9.9,14697,Easy already agency put.,10
877,20240904,6,1,2,1,983,48,8.9,40325,Movie finally pay take after.,1
878,20230314,4,2,3,3,1000,33,6.4,21130,Social throughout accept charge.,16
879,20241208,8,5,1,3,711,4,3.4,41112,Apply performance.,10
880,20231102,6,2,1,1,797,18,8.6,20369,Hand use century.,1
881,20240525,9,4,2,3,688,35,10.0,49234,Themselves fact fine.,3
882,20220907,8,2,2,3,525,18,6.7,41956,Politics statement street positive which.,4
883,20231007,8,5,2,1,731,42,1.5,42883,Support kind final.,12
884,20230714,8,5,3,3,633,16,3.7,24587,Plant skin.,11
885,20240823,9,1,5,1,454,50,2.5,13660,Later standard community finish.,20
886,20240620,8,5,4,3,975,38,10.0,11972,Manage citizen her throw let high.,4
887,20230501,8,3,5,1,994,32,7.3,13637,Measure business.,16
888,20221101,5,4,2,1,408,15,5.3,47194,Security whether television.,5
889,20241107,8,5,5,1,726,30,8.1,27244,Mr enjoy ago.,14
890,20220630,9,4,2,1,475,12,5.8,18039,Bar marriage approach her.,10
891,20240924,5,3,4,1,431,33,9.5,32355,Have four political country low can.,16
892,20230423,4,5,2,3,922,38,5.4,23270,Buy inside nation phone.,16
893,20230508,9,5,3,3,941,22,3.2,45440,Police once car worker speak.,20
894,20240125,6,3,2,1,640,18,8.2,9651,Peace major visit.,17
895,20231121,5,4,1,1,424,42,7.3,26986,Always different into.,14
896,20230220,4,5,1,1,420,11,5.3,17093,Old.,20
897,20220316,4,4,1,3,901,3,4.9,5631,Unit church check rich.,19
898,20231110,8,2,1,3,725,18,2.5,9924,Hand take six rise.,17
899,20240127,6,2,5,1,973,27,4.2,48506,Allow station subject up.,5
900,20240701,7,5,5,1,799,39,8.9,19176,Read.,1
901,20240407,7,1,5,3,894,24,3.8,5909,All believe low.,8
902,20240506,8,2,2,3,533,30,1.3,38701,Page usually team.,18
903,20230912,7,3,2,3,937,35,6.0,29623,What fight beautiful suggest practice.,8
904,20230920,9,2,3,1,755,11,8.4,18920,Feel free market class stop.,11
905,20220316,5,1,5,1,840,16,8.0,8719,Risk win message.,3
906,20220623,5,4,2,3,752,4,3.1,10110,Today minute able next future against.,7
907,20230218,9,1,2,1,875,37,9.9,35494,Catch write small.,8
908,20220313,4,4,5,1,713,7,2.1,25741,Need information consumer hotel.,2
909,20230831,7,4,5,3,630,44,8.1,36845,Mrs section.,5
910,20230529,8,2,3,1,583,36,7.9,31432,Believe follow inside middle foreign.,13
911,20230515,7,3,5,3,601,40,6.0,19919,Choice door stay.,4
912,20221024,7,5,5,1,966,2,8.0,41544,Artist affect partner.,8
913,20231113,5,5,2,3,713,13,9.7,12065,Account new.,11
914,20231223,8,5,5,1,970,22,8.1,32539,Source spring after beat.,14
915,20241204,9,2,1,1,599,15,5.7,49969,Mission something approach president.,14
916,20231023,9,1,5,3,642,24,9.0,39441,See front former federal.,10
917,20230924,5,4,2,3,431,42,4.1,5841,Beyond big of.,5
918,20220607,5,2,2,3,979,6,5.0,39910,Speech speech research mother information.,5
919,20221105,9,5,2,3,426,1,8.5,24953,Deal trade war girl bar security.,6
920,20230224,8,5,5,1,601,25,3.8,14123,Party board trip boy special.,7
921,20220707,7,2,2,1,933,50,5.5,9499,Control herself probably check.,17
922,20240627,6,5,4,1,550,32,4.7,31897,Control away fall fall discover firm.,2
923,20241210,7,3,4,1,940,39,9.9,47977,Focus girl series risk.,17
924,20220326,7,4,5,3,682,34,3.3,48762,Before company.,7
925,20240418,5,3,1,1,657,33,8.1,25983,Allow nearly since.,8
926,20230721,9,1,1,1,757,46,1.6,7748,Sing hour yet decision everything.,5
927,20240103,9,2,3,3,946,13,2.6,22409,Author raise admit back ready plan.,9
928,20221002,5,5,3,1,621,26,8.9,30608,Politics much of term.,14
929,20221116,8,2,2,1,951,34,8.6,7351,Individual clearly carry.,1
930,20230430,7,3,2,1,535,42,3.6,47522,Morning agree very.,20
931,20221001,8,2,4,3,767,31,8.8,36371,Sit hard expect door ability.,17
932,20221206,9,2,2,1,713,46,7.3,22749,Idea huge speak billion consider.,16
933,20240208,9,4,4,3,580,37,6.3,2963,Religious teacher perhaps.,3
934,20230623,9,1,5,1,474,13,5.1,46573,Fire her they.,11
935,20241024,6,1,4,3,985,22,6.8,14239,Goal name also.,12
936,20240218,7,4,2,3,520,33,3.7,45418,Pattern least step.,7
937,20240713,8,2,4,3,768,11,1.8,5515,Among today item.,20
938,20240826,5,3,3,3,957,42,8.3,40197,Another those task.,11
939,20240812,5,5,2,3,722,22,3.3,9011,Language song activity.,5
940,20240713,4,1,5,3,682,46,8.6,21940,Oil building body position.,7
941,20231008,4,3,4,1,443,43,4.1,19616,Per environmental across.,9
942,20230103,5,5,5,3,815,22,4.8,36471,Picture thing such college stay.,18
943,20220304,6,5,4,3,746,31,3.4,3407,Teach month.,20
944,20240412,4,2,2,3,990,40,5.1,14372,Full heart machine.,12
945,20231219,6,1,5,1,559,44,9.0,45018,Level speak network prepare.,16
946,20240331,6,4,5,1,461,49,8.1,37416,Report reality way lawyer.,13
947,20231015,7,3,2,3,619,27,3.6,46474,Number half the.,6
948,20230518,6,1,3,1,897,24,5.4,26659,Listen case Mrs travel.,13
949,20240606,9,4,3,1,695,5,9.8,14854,Cell seven friend knowledge.,19
950,20240623,6,4,5,1,562,49,1.9,8029,Thousand society people.,16
951,20240714,4,5,2,1,695,36,2.8,1390,Pattern understand probably sea.,18
952,20220312,5,2,2,3,509,21,1.6,32073,Anyone candidate.,4
953,20240311,9,5,3,3,958,18,4.2,25878,Visit opportunity watch system thus standard.,14
954,20240324,5,4,2,1,677,13,7.9,18586,Avoid eat wear.,6
955,20231225,9,2,4,1,879,31,5.5,21520,Table purpose whose.,6
956,20240615,5,1,1,3,999,1,6.0,2736,Money left would.,5
957,20220813,7,1,4,1,823,38,6.9,12492,Risk close.,3
958,20220527,7,2,3,3,651,5,8.4,46690,Tonight fear where form camera.,14
959,20241024,6,3,5,3,842,45,3.5,3914,Congress nearly wide but.,3
960,20230404,4,2,5,1,652,8,3.6,4525,Off assume.,3
961,20240408,9,1,5,3,483,1,5.1,37548,Administration admit fact model unit respond.,19
962,20221021,7,3,1,3,775,44,2.6,44578,South indeed space use.,4
963,20220303,7,1,2,1,941,39,3.2,40820,Military art understand happy.,13
964,20231209,9,3,2,3,715,18,4.4,18281,Situation when quite.,11
965,20240725,6,3,2,3,612,30,5.0,48545,So study how experience central start over.,7
966,20221129,6,5,3,3,642,15,6.9,7861,List marriage follow pull record because.,7
967,20220804,5,2,1,1,731,40,1.6,1716,Whole whose.,10
968,20240718,4,1,4,1,591,4,9.9,25392,Loss maybe factor building.,9
969,20231225,5,3,2,1,937,18,5.5,42391,Soldier bill stop for read together.,12
970,20220520,7,4,5,1,589,1,5.2,46729,Keep once because.,3
971,20220203,8,4,2,3,568,3,7.9,28027,Up common.,7
972,20221024,7,2,1,3,479,12,4.3,45748,Road go work finally.,18
973,20230516,9,3,4,1,749,40,6.7,1154,Yard week town such network.,19
974,20231213,9,5,5,3,920,23,2.6,7372,Soon positive first.,8
975,20240424,8,2,4,3,841,17,6.7,39330,Tend conference newspaper top real toward.,10
976,20220217,6,2,3,3,544,30,3.4,30084,Pass account agent.,9
977,20230507,7,3,5,3,622,1,6.8,35719,Son hospital space TV.,8
978,20240622,6,3,1,3,464,4,4.7,44709,We open.,3
979,20220420,9,5,1,1,730,32,6.2,40177,Just laugh author.,10
980,20231221,4,4,3,1,401,4,5.9,13378,Should majority whom.,18
981,20240114,8,2,2,1,497,30,1.9,37260,Fire carry upon wonder player.,5
982,20220311,9,4,5,1,406,34,2.7,41257,Mr eye yard others.,15
983,20231203,5,5,4,3,793,28,3.5,40018,Above group teacher.,20
984,20220227,4,5,4,1,645,12,8.9,46906,Lawyer mother book.,14
985,20240228,6,2,2,3,795,1,3.1,23252,Bad include dinner.,7
986,20240511,6,2,1,3,956,5,8.9,47234,Begin case another.,15
987,20230715,7,1,2,3,925,13,4.3,2738,It I.,3
988,20240106,5,1,2,3,712,17,6.3,16236,Beyond end seek.,14
989,20230401,5,2,3,1,851,45,3.2,26170,Hospital call morning increase everybody.,6
990,20230811,5,3,4,1,740,6,4.5,20867,Relationship morning.,13
991,20240119,5,3,5,1,659,43,6.3,30159,Little so argue who.,16
992,20220814,6,3,1,3,722,27,3.8,32248,Such require foreign.,1
993,20230320,5,1,3,1,728,18,3.5,28387,Truth sound region.,6
994,20221214,4,2,5,3,588,28,3.2,25182,Occur able sea federal.,2
995,20220810,7,5,4,3,753,51,7.4,14345,They.,2
996,20220125,7,4,3,3,989,20,1.8,31456,Necessary eight could factor.,10
997,20231222,4,4,4,1,719,33,4.6,46785,Minute reach board rather.,3
998,20241019,6,3,3,1,680,10,4.1,29786,Similar generation different follow manager.,4
999,20240617,8,4,1,1,410,51,5.5,37561,Above name this billion visit production.,15
1000,20240310,6,2,1,1,815,8,4.3,31349,Work easy hold center question evening.,7
